{"cameraMode":{"drawMode":0,"name":"Shaded","section":"Shading Mode"},"sceneLighting":true,"audioPlay":false,"sceneViewState":{"m_AlwaysRefresh":false,"showFog":true,"showSkybox":true,"showFlares":true,"showImageEffects":true,"showParticleSystems":true,"showVisualEffectGraphs":true,"m_FxEnabled":true},"in2DMode":false,"pivot":{"x":-14.589916229248047,"y":2.9128007888793947,"z":-1.7427631616592408},"rotation":{"x":0.12246556580066681,"y":0.7205732464790344,"z":-0.1318112462759018,"w":0.6696907877922058},"size":0.8660253882408142,"orthographic":false}